N,T_WNS,T_RNS,Speedup
50,0.00031,0.00085,0.36000
100,0.00190,0.00350,0.54000
150,0.00580,0.00910,0.64000
200,0.01350,0.01950,0.69000
250,0.02450,0.02790,0.88000
300,0.04100,0.04300,0.95000
350,0.06100,0.06000,1.02000
400,0.08800,0.08150,1.08000
