N,T_WNS,T_RNS,T_CORE,T_CONV,Speedup
50,0.00031,0.00085,0.00010,0.00075,0.36000
100,0.00190,0.00350,0.00070,0.00280,0.54000
150,0.00580,0.00910,0.00210,0.00700,0.64000
200,0.01350,0.01950,0.00450,0.01500,0.69000
250,0.02450,0.02790,0.00800,0.01990,0.88000
300,0.04100,0.04300,0.01250,0.03050,0.95000
350,0.06100,0.06000,0.01800,0.04200,1.02000
400,0.08800,0.08150,0.02600,0.05550,1.08000
